,mean_fit_time,std_fit_time,mean_score_time,std_score_time,param_max_depth,params,split0_test_score,split1_test_score,split2_test_score,split3_test_score,split4_test_score,mean_test_score,std_test_score,rank_test_score
0,0.5486597537994384,0.013608322376650628,0.007242774963378907,0.0012963892901097854,1,{'max_depth': 1},0.8508771929824561,0.8859649122807017,0.7964601769911505,0.7876106194690266,0.8761061946902655,0.8394038192827201,0.040431002970454134,6
1,0.9455211639404297,0.007684509032926497,0.00837850570678711,0.0024397582167221925,2,{'max_depth': 2},0.9035087719298246,0.9298245614035088,0.8761061946902655,0.8849557522123894,0.9203539823008849,0.9029498525073747,0.020346182509110286,5
2,1.3339653015136719,0.007268318163727863,0.00798330307006836,0.0007764406171138453,3,{'max_depth': 3},0.9122807017543859,0.9298245614035088,0.9203539823008849,0.911504424778761,0.9380530973451328,0.9224033535165347,0.010251277550732548,3
3,1.6880327701568603,0.007857611881269988,0.007916927337646484,0.00032496104235054665,4,{'max_depth': 4},0.9122807017543859,0.9385964912280702,0.9292035398230089,0.9026548672566371,0.9292035398230089,0.9223878279770222,0.013016699732216933,4
4,1.9948735237121582,0.01295593538729952,0.008178138732910156,0.0001478923033907176,5,{'max_depth': 5},0.9385964912280702,0.9649122807017544,0.9380530973451328,0.8849557522123894,0.9380530973451328,0.9329141437664958,0.026111280505656455,2
5,2.230439043045044,0.004809779025869914,0.00903635025024414,0.0004109403654882646,6,{'max_depth': 6},0.9210526315789473,0.956140350877193,0.9646017699115044,0.8938053097345132,0.9380530973451328,0.9347306318894582,0.025391610490673563,1
